{
  "success_rate_mean": 0.07,
  "success_rate_std": 0.25514701644346144,
  "num_successes": 7,
  "num_episodes": 100,
  "avg_steps_success_mean": 45.714285714285715,
  "avg_steps_success_std": 27.022288608344283,
  "num_success_episodes": 7,
  "avg_episode_reward_mean": -27.972333333333285,
  "avg_episode_reward_std": 7.04930101341811
}