{
  "success_rate_mean": 0.05,
  "success_rate_std": 0.2179449471770337,
  "num_successes": 5,
  "num_episodes": 100,
  "avg_steps_success_mean": 39.0,
  "avg_steps_success_std": 33.52610922848042,
  "num_success_episodes": 5,
  "avg_episode_reward_mean": -18.735299999999967,
  "avg_episode_reward_std": 5.073060359388594
}