{
  "success_rate_mean": 0.06,
  "success_rate_std": 0.23748684174075832,
  "num_successes": 6,
  "num_episodes": 100,
  "avg_steps_success_mean": 48.333333333333336,
  "avg_steps_success_std": 23.64787986738393,
  "num_success_episodes": 6,
  "avg_episode_reward_mean": -18.49799999999997,
  "avg_episode_reward_std": 5.061194918198658
}