{
  "success_rate_mean": 0.03,
  "success_rate_std": 0.17058722109231983,
  "num_successes": 3,
  "num_episodes": 100,
  "avg_steps_success_mean": 18.0,
  "avg_steps_success_std": 12.832251036613439,
  "num_success_episodes": 3,
  "avg_episode_reward_mean": -18.92339999999997,
  "avg_episode_reward_std": 4.525381910955135
}