{
  "success_rate_mean": 0.03,
  "success_rate_std": 0.1705872210923198,
  "num_successes": 3,
  "num_episodes": 100,
  "avg_steps_success_mean": 45.333333333333336,
  "avg_steps_success_std": 10.842303978193728,
  "num_success_episodes": 3,
  "avg_episode_reward_mean": -19.087099999999968,
  "avg_episode_reward_std": 3.6447423900736737
}