{
  "success_rate_mean": 0.08,
  "success_rate_std": 0.2712931993250107,
  "num_successes": 8,
  "num_episodes": 100,
  "avg_steps_success_mean": 53.5,
  "avg_steps_success_std": 17.435595774162696,
  "num_success_episodes": 8,
  "avg_episode_reward_mean": -27.770599999999956,
  "avg_episode_reward_std": 6.736400330872387
}