{
  "success_rate_mean": 0.07,
  "success_rate_std": 0.25514701644346144,
  "num_successes": 7,
  "num_episodes": 100,
  "avg_steps_success_mean": 46.42857142857143,
  "avg_steps_success_std": 22.385308593278907,
  "num_success_episodes": 7,
  "avg_episode_reward_mean": -18.470199999999966,
  "avg_episode_reward_std": 5.491644058021231
}