{
  "success_rate_mean": 0.05,
  "success_rate_std": 0.21794494717703367,
  "num_successes": 5,
  "num_episodes": 100,
  "avg_steps_success_mean": 55.2,
  "avg_steps_success_std": 14.647866738880445,
  "num_success_episodes": 5,
  "avg_episode_reward_mean": -18.907249999999966,
  "avg_episode_reward_std": 4.236735498883538
}