{
  "success_rate_mean": 0.06,
  "success_rate_std": 0.23748684174075832,
  "num_successes": 6,
  "num_episodes": 100,
  "avg_steps_success_mean": 41.166666666666664,
  "avg_steps_success_std": 20.602723660288756,
  "num_success_episodes": 6,
  "avg_episode_reward_mean": -28.14779999999995,
  "avg_episode_reward_std": 6.74302449811819
}