{
  "success_rate_mean": 0.05,
  "success_rate_std": 0.21794494717703367,
  "num_successes": 5,
  "num_episodes": 100,
  "avg_steps_success_mean": 44.0,
  "avg_steps_success_std": 21.881499034572563,
  "num_success_episodes": 5,
  "avg_episode_reward_mean": -18.832899999999967,
  "avg_episode_reward_std": 4.802657919319253
}