{
  "success_rate_mean": 0.08,
  "success_rate_std": 0.2712931993250107,
  "num_successes": 8,
  "num_episodes": 100,
  "avg_steps_success_mean": 62.75,
  "avg_steps_success_std": 19.240257274787155,
  "num_success_episodes": 8,
  "avg_episode_reward_mean": -18.425299999999968,
  "avg_episode_reward_std": 4.879563444612635
}