{
  "success_rate_mean": 0.05,
  "success_rate_std": 0.21794494717703367,
  "num_successes": 5,
  "num_episodes": 100,
  "avg_steps_success_mean": 36.2,
  "avg_steps_success_std": 20.5854317418897,
  "num_success_episodes": 5,
  "avg_episode_reward_mean": -18.641049999999968,
  "avg_episode_reward_std": 5.112126724514947
}