{
  "success_rate_mean": 0.03,
  "success_rate_std": 0.17058722109231983,
  "num_successes": 3,
  "num_episodes": 100,
  "avg_steps_success_mean": 53.333333333333336,
  "avg_steps_success_std": 25.746628689770024,
  "num_success_episodes": 3,
  "avg_episode_reward_mean": -19.26584999999997,
  "avg_episode_reward_std": 3.4449477539579556
}