{
  "success_rate_mean": 0.04,
  "success_rate_std": 0.19595917942265423,
  "num_successes": 4,
  "num_episodes": 100,
  "avg_steps_success_mean": 52.75,
  "avg_steps_success_std": 16.990806337546196,
  "num_success_episodes": 4,
  "avg_episode_reward_mean": -19.06849999999997,
  "avg_episode_reward_std": 3.909506970194572
}