{
  "success_rate_mean": 0.05,
  "success_rate_std": 0.21794494717703367,
  "num_successes": 5,
  "num_episodes": 100,
  "avg_steps_success_mean": 39.4,
  "avg_steps_success_std": 20.450916849862747,
  "num_success_episodes": 5,
  "avg_episode_reward_mean": -18.744899999999966,
  "avg_episode_reward_std": 4.9160521244185285
}