{
  "success_rate_mean": 0.11,
  "success_rate_std": 0.31288975694324034,
  "num_successes": 11,
  "num_episodes": 100,
  "avg_steps_success_mean": 8.0,
  "avg_steps_success_std": 5.134553180524705,
  "num_success_episodes": 11,
  "avg_episode_reward_mean": -16.81059999999997,
  "avg_episode_reward_std": 8.895584671060119
}