{
  "success_rate_mean": 0.79,
  "success_rate_std": 0.40730823708832603,
  "num_successes": 79,
  "num_episodes": 100,
  "avg_steps_success_mean": 47.860759493670884,
  "avg_steps_success_std": 23.249736177741063,
  "num_success_episodes": 79,
  "avg_episode_reward_mean": -3.7609499999999874,
  "avg_episode_reward_std": 9.256002935797921
}