{
  "success_rate_mean": 0.04,
  "success_rate_std": 0.19595917942265426,
  "num_successes": 4,
  "num_episodes": 100,
  "avg_steps_success_mean": 57.25,
  "avg_steps_success_std": 14.271912976192084,
  "num_success_episodes": 4,
  "avg_episode_reward_mean": -19.06844999999997,
  "avg_episode_reward_std": 3.76770843451294
}