{
  "success_rate_mean": 0.04,
  "success_rate_std": 0.19595917942265423,
  "num_successes": 4,
  "num_episodes": 100,
  "avg_steps_success_mean": 51.5,
  "avg_steps_success_std": 12.359207094308275,
  "num_success_episodes": 4,
  "avg_episode_reward_mean": -19.083749999999966,
  "avg_episode_reward_std": 3.919009975427461
}