{
  "success_rate_mean": 0.04,
  "success_rate_std": 0.19595917942265426,
  "num_successes": 4,
  "num_episodes": 100,
  "avg_steps_success_mean": 58.25,
  "avg_steps_success_std": 22.174027599874588,
  "num_success_episodes": 4,
  "avg_episode_reward_mean": -19.130499999999966,
  "avg_episode_reward_std": 3.718283911967987
}