{
  "success_rate_mean": 0.03,
  "success_rate_std": 0.1705872210923198,
  "num_successes": 3,
  "num_episodes": 100,
  "avg_steps_success_mean": 41.0,
  "avg_steps_success_std": 6.97614984548545,
  "num_success_episodes": 3,
  "avg_episode_reward_mean": -19.180199999999967,
  "avg_episode_reward_std": 3.749852858446576
}