{
  "success_rate_mean": 0.16,
  "success_rate_std": 0.36660605559646725,
  "num_successes": 16,
  "num_episodes": 100,
  "avg_steps_success_mean": 36.125,
  "avg_steps_success_std": 18.57375500538327,
  "num_success_episodes": 16,
  "avg_episode_reward_mean": -16.14939999999997,
  "avg_episode_reward_std": 8.56435681414546
}