{
  "success_rate_mean": 0.06,
  "success_rate_std": 0.23748684174075835,
  "num_successes": 6,
  "num_episodes": 100,
  "avg_steps_success_mean": 50.5,
  "avg_steps_success_std": 28.73296596826254,
  "num_success_episodes": 6,
  "avg_episode_reward_mean": -28.294933333333283,
  "avg_episode_reward_std": 6.274632020728819
}