{
  "success_rate_mean": 0.05,
  "success_rate_std": 0.21794494717703367,
  "num_successes": 5,
  "num_episodes": 100,
  "avg_steps_success_mean": 52.2,
  "avg_steps_success_std": 29.498474536829868,
  "num_success_episodes": 5,
  "avg_episode_reward_mean": -18.879299999999965,
  "avg_episode_reward_std": 4.47831318802068
}