{
  "success_rate_mean": 0.35,
  "success_rate_std": 0.4769696007084728,
  "num_successes": 35,
  "num_episodes": 100,
  "avg_steps_success_mean": 26.142857142857142,
  "avg_steps_success_std": 21.10131053092317,
  "num_success_episodes": 35,
  "avg_episode_reward_mean": -10.90754999999998,
  "avg_episode_reward_std": 11.94742257758968
}