{
  "success_rate_mean": 0.07,
  "success_rate_std": 0.25514701644346144,
  "num_successes": 7,
  "num_episodes": 100,
  "avg_steps_success_mean": 51.142857142857146,
  "avg_steps_success_std": 28.900956837489808,
  "num_success_episodes": 7,
  "avg_episode_reward_mean": -18.30474999999997,
  "avg_episode_reward_std": 5.295714889181623
}