{
  "success_rate_mean": 0.03,
  "success_rate_std": 0.17058722109231983,
  "num_successes": 3,
  "num_episodes": 100,
  "avg_steps_success_mean": 69.33333333333333,
  "avg_steps_success_std": 17.13346303452853,
  "num_success_episodes": 3,
  "avg_episode_reward_mean": -19.35354999999997,
  "avg_episode_reward_std": 2.825124359652151
}