{
  "success_rate_mean": 0.04,
  "success_rate_std": 0.19595917942265423,
  "num_successes": 4,
  "num_episodes": 100,
  "avg_steps_success_mean": 45.25,
  "avg_steps_success_std": 31.877695964420013,
  "num_success_episodes": 4,
  "avg_episode_reward_mean": -19.00089999999997,
  "avg_episode_reward_std": 4.300472321733968
}