{
  "success_rate_mean": 0.08,
  "success_rate_std": 0.2712931993250107,
  "num_successes": 8,
  "num_episodes": 100,
  "avg_steps_success_mean": 59.5,
  "avg_steps_success_std": 27.599818839985165,
  "num_success_episodes": 8,
  "avg_episode_reward_mean": -28.015966666666618,
  "avg_episode_reward_std": 6.498862657675817
}