{
  "success_rate_mean": 0.03,
  "success_rate_std": 0.1705872210923198,
  "num_successes": 3,
  "num_episodes": 100,
  "avg_steps_success_mean": 36.666666666666664,
  "avg_steps_success_std": 12.036980056845191,
  "num_success_episodes": 3,
  "avg_episode_reward_mean": -19.201699999999963,
  "avg_episode_reward_std": 3.8791889113576246
}