{
  "success_rate_mean": 0.03,
  "success_rate_std": 0.1705872210923198,
  "num_successes": 3,
  "num_episodes": 100,
  "avg_steps_success_mean": 40.666666666666664,
  "avg_steps_success_std": 17.441967269268172,
  "num_success_episodes": 3,
  "avg_episode_reward_mean": -19.188199999999966,
  "avg_episode_reward_std": 3.770267995779604
}