{
  "success_rate_mean": 0.85,
  "success_rate_std": 0.3570714214271425,
  "num_successes": 85,
  "num_episodes": 100,
  "avg_steps_success_mean": 50.48235294117647,
  "avg_steps_success_std": 25.249163883515212,
  "num_success_episodes": 85,
  "avg_episode_reward_mean": -3.0080999999999865,
  "avg_episode_reward_std": 8.486109968059557
}