{
  "success_rate_mean": 0.04,
  "success_rate_std": 0.19595917942265423,
  "num_successes": 4,
  "num_episodes": 100,
  "avg_steps_success_mean": 20.75,
  "avg_steps_success_std": 8.699856320652657,
  "num_success_episodes": 4,
  "avg_episode_reward_mean": -18.834649999999968,
  "avg_episode_reward_std": 5.088605715468622
}