{
  "success_rate_mean": 0.07,
  "success_rate_std": 0.25514701644346144,
  "num_successes": 7,
  "num_episodes": 100,
  "avg_steps_success_mean": 32.42857142857143,
  "avg_steps_success_std": 16.82563641638338,
  "num_success_episodes": 7,
  "avg_episode_reward_mean": -18.255649999999967,
  "avg_episode_reward_std": 6.118051840864042
}