{
  "success_rate_mean": 0.05,
  "success_rate_std": 0.21794494717703367,
  "num_successes": 5,
  "num_episodes": 100,
  "avg_steps_success_mean": 38.2,
  "avg_steps_success_std": 21.77521526874074,
  "num_success_episodes": 5,
  "avg_episode_reward_mean": -28.376133333333286,
  "avg_episode_reward_std": 6.413458517835745
}