{
  "success_rate_mean": 0.06,
  "success_rate_std": 0.23748684174075832,
  "num_successes": 6,
  "num_episodes": 100,
  "avg_steps_success_mean": 30.666666666666668,
  "avg_steps_success_std": 13.58512258154322,
  "num_success_episodes": 6,
  "avg_episode_reward_mean": -18.416199999999968,
  "avg_episode_reward_std": 5.71416245481347
}