{
  "success_rate_mean": 0.07,
  "success_rate_std": 0.25514701644346144,
  "num_successes": 7,
  "num_episodes": 100,
  "avg_steps_success_mean": 56.857142857142854,
  "avg_steps_success_std": 18.49655235387373,
  "num_success_episodes": 7,
  "avg_episode_reward_mean": -18.558399999999967,
  "avg_episode_reward_std": 4.860141658429302
}