{
  "success_rate_mean": 0.04,
  "success_rate_std": 0.19595917942265428,
  "num_successes": 4,
  "num_episodes": 100,
  "avg_steps_success_mean": 63.75,
  "avg_steps_success_std": 30.375771595138122,
  "num_success_episodes": 4,
  "avg_episode_reward_mean": -19.160649999999965,
  "avg_episode_reward_std": 3.6646121660415796
}