{
  "success_rate_mean": 0.04,
  "success_rate_std": 0.19595917942265423,
  "num_successes": 4,
  "num_episodes": 100,
  "avg_steps_success_mean": 54.5,
  "avg_steps_success_std": 22.096379793984354,
  "num_success_episodes": 4,
  "avg_episode_reward_mean": -19.106399999999965,
  "avg_episode_reward_std": 3.8575270627696123
}